SkinApiId,WeaponName,FinishName,SourceSheet,FNPrice,MWPrice,FTPrice,WWPrice,BSPrice,STFNPrice,STMWPrice,STFTPrice,STWWPrice,STBSPrice,VanillaPrice,VanillaStatTrakPrice
skin_bayonet_vanilla,Bayonet,★ (Vanilla),Bayonet,,,,,,,,,,,2525,3225
skin_bayonet_crimson_web,Bayonet,Crimson Web,Bayonet,12350,9400,7150,6200,5300,16550,12600,9600,8300,7100,,
skin_bayonet_fade,Bayonet,Fade,Bayonet,7200,5500,,,,9650,7350,,,,,
skin_bayonet_blue_steel,Bayonet,Blue Steel,Bayonet,1550,1175,900,770,660,2075,1575,1200,1025,890,,
skin_bayonet_stained,Bayonet,Stained,Bayonet,1375,1050,800,690,590,1850,1400,1075,920,790,,
skin_bayonet_case_hardened,Bayonet,Case Hardened,Bayonet,3100,2350,1800,1550,1325,4150,3150,2400,2075,1775,,
skin_bayonet_forest_ddpat,Bayonet,Forest DDPAT,Bayonet,820,630,480,410,370,1100,840,640,550,470,,
skin_bayonet_safari_mesh,Bayonet,Safari Mesh,Bayonet,690,520,440,410,370,920,700,560,510,460,,
skin_bayonet_boreal_forest,Bayonet,Boreal Forest,Bayonet,860,650,500,430,370,1150,870,670,580,490,,
skin_bayonet_scorched,Bayonet,Scorched,Bayonet,760,570,440,410,370,1000,770,590,510,460,,
skin_bayonet_urban_masked,Bayonet,Urban Masked,Bayonet,930,700,540,460,400,1250,940,720,620,530,,
skin_bayonet_night,Bayonet,Night,Bayonet,2400,1825,1400,1200,1025,3225,2450,1875,1600,1375,,
skin_bayonet_slaughter,Bayonet,Slaughter,Bayonet,3600,2750,2100,,,4825,3675,2800,,,,
skin_bayonet_damascus_steel,Bayonet,Damascus Steel,Bayonet,1725,1300,1000,860,740,2300,1750,1325,1150,990,,
skin_bayonet_doppler_phase_1,Bayonet,Doppler (Phase 1),Bayonet,8250,6250,,,,11050,8400,,,,,
skin_bayonet_doppler_phase_2,Bayonet,Doppler (Phase 2),Bayonet,11000,8350,,,,14700,11200,,,,,
skin_bayonet_doppler_phase_3,Bayonet,Doppler (Phase 3),Bayonet,7200,5500,,,,9650,7350,,,,,
skin_bayonet_doppler_phase_4,Bayonet,Doppler (Phase 4),Bayonet,9600,7300,,,,12900,9800,,,,,
skin_bayonet_doppler_ruby,Bayonet,Doppler (Ruby),Bayonet,23300,17750,,,,31300,23800,,,,,
skin_bayonet_doppler_sapphire,Bayonet,Doppler (Sapphire),Bayonet,25700,19550,,,,34500,26200,,,,,
skin_bayonet_doppler_black_pearl,Bayonet,Doppler (Black Pearl),Bayonet,34300,26100,,,,46000,35000,,,,,
skin_bayonet_marble_fade,Bayonet,Marble Fade,Bayonet,4950,3825,,,,6500,5050,,,,,
skin_bayonet_rust_coat,Bayonet,Rust Coat,Bayonet,,,,930,800,,,,1250,1075,,
skin_bayonet_tiger_tooth,Bayonet,Tiger Tooth,Bayonet,4975,3775,,,,6650,5050,,,,,
skin_bayonet_ultraviolet,Bayonet,Ultraviolet,Bayonet,2200,1675,1275,1100,940,2950,2225,1700,1475,1275,,
skin_bayonet_autotronic,Bayonet,Autotronic,Bayonet,3950,3000,2300,1975,1700,5300,4025,3075,2650,2275,,
skin_bayonet_black_laminate,Bayonet,Black Laminate,Bayonet,2000,1525,1150,1000,860,2675,2025,1550,1325,1150,,
skin_bayonet_bright_water,Bayonet,Bright Water,Bayonet,1850,1400,1075,930,800,2475,1900,1450,1250,1075,,
skin_bayonet_freehand,Bayonet,Freehand,Bayonet,2050,1575,1200,1025,890,2750,2100,1600,1375,1175,,
skin_bayonet_gamma_doppler_phase_1,Bayonet,Gamma Doppler (Phase 1),Bayonet,8600,6500,,,,11500,8750,,,,,
skin_bayonet_gamma_doppler_phase_2,Bayonet,Gamma Doppler (Phase 2),Bayonet,11650,8850,,,,15650,11900,,,,,
skin_bayonet_gamma_doppler_phase_3,Bayonet,Gamma Doppler (Phase 3),Bayonet,7550,5750,,,,10100,7700,,,,,
skin_bayonet_gamma_doppler_phase_4,Bayonet,Gamma Doppler (Phase 4),Bayonet,9950,7550,,,,13350,10150,,,,,
skin_bayonet_gamma_doppler_emerald,Bayonet,Gamma Doppler (Emerald),Bayonet,28100,21400,,,,37700,28700,,,,,
skin_bayonet_lore,Bayonet,Lore,Bayonet,4625,3525,2700,2325,2000,6200,4725,3600,3100,2675,,
skin_bowie_knife_vanilla,Bowie Knife,★ (Vanilla),Bowie Knife,,,,,,,,,,,770,980
skin_bowie_knife_crimson_web,Bowie Knife,Crimson Web,Bowie Knife,3750,2850,2175,1875,1625,5050,3825,2925,2525,2175,,
skin_bowie_knife_fade,Bowie Knife,Fade,Bowie Knife,2200,1675,,,,2950,2225,,,,,
skin_bowie_knife_blue_steel,Bowie Knife,Blue Steel,Bowie Knife,470,360,270,235,200,630,480,370,320,270,,
skin_bowie_knife_stained,Bowie Knife,Stained,Bowie Knife,420,320,240,210,180,560,430,320,280,240,,
skin_bowie_knife_case_hardened,Bowie Knife,Case Hardened,Bowie Knife,940,710,550,470,400,1250,960,730,630,540,,
skin_bowie_knife_forest_ddpat,Bowie Knife,Forest DDPAT,Bowie Knife,280,235,210,195,175,350,300,260,240,220,,
skin_bowie_knife_safari_mesh,Bowie Knife,Safari Mesh,Bowie Knife,280,235,210,195,175,350,300,260,240,220,,
skin_bowie_knife_boreal_forest,Bowie Knife,Boreal Forest,Bowie Knife,280,235,210,195,175,350,300,260,240,220,,
skin_bowie_knife_scorched,Bowie Knife,Scorched,Bowie Knife,280,235,210,195,175,350,300,260,240,220,,
skin_bowie_knife_urban_masked,Bowie Knife,Urban Masked,Bowie Knife,280,235,210,195,175,380,300,260,240,220,,
skin_bowie_knife_night,Bowie Knife,Night,Bowie Knife,730,560,420,370,310,980,740,570,490,420,,
skin_bowie_knife_slaughter,Bowie Knife,Slaughter,Bowie Knife,1100,830,640,,,1475,1125,850,,,,
skin_bowie_knife_damascus_steel,Bowie Knife,Damascus Steel,Bowie Knife,520,400,300,260,225,"201,1",700,530,460,400,,
skin_bowie_knife_doppler_phase_1,Bowie Knife,Doppler (Phase 1),Bowie Knife,2500,1900,,,,3350,2550,,,,,
skin_bowie_knife_doppler_phase_2,Bowie Knife,Doppler (Phase 2),Bowie Knife,3350,2550,,,,4475,3400,,,,,
skin_bowie_knife_doppler_phase_3,Bowie Knife,Doppler (Phase 3),Bowie Knife,2200,1675,,,,2950,2225,,,,,
skin_bowie_knife_doppler_phase_4,Bowie Knife,Doppler (Phase 4),Bowie Knife,2925,2225,,,,3925,2975,,,,,
skin_bowie_knife_doppler_ruby,Bowie Knife,Doppler (Ruby),Bowie Knife,7100,5400,,,,9500,7250,,,,,
skin_bowie_knife_doppler_sapphire,Bowie Knife,Doppler (Sapphire),Bowie Knife,7850,5950,,,,10500,8000,,,,,
skin_bowie_knife_doppler_black_pearl,Bowie Knife,Doppler (Black Pearl),Bowie Knife,10450,7950,,,,14000,10650,,,,,
skin_bowie_knife_marble_fade,Bowie Knife,Marble Fade,Bowie Knife,1575,1200,,,,2100,1600,,,,,
skin_bowie_knife_rust_coat,Bowie Knife,Rust Coat,Bowie Knife,,,,280,245,,,,380,330,,
skin_bowie_knife_tiger_tooth,Bowie Knife,Tiger Tooth,Bowie Knife,1525,1150,,,,2025,1550,,,,,
skin_bowie_knife_ultraviolet,Bowie Knife,Ultraviolet,Bowie Knife,670,510,390,330,290,900,680,520,450,390,,
skin_bowie_knife_autotronic,Bowie Knife,Autotronic,Bowie Knife,1200,910,700,600,520,1600,1225,930,800,690,,
skin_bowie_knife_black_laminate,Bowie Knife,Black Laminate,Bowie Knife,610,460,350,300,260,810,620,470,410,350,,
skin_bowie_knife_bright_water,Bowie Knife,Bright Water,Bowie Knife,560,430,330,280,245,760,570,440,380,330,,
skin_bowie_knife_freehand,Bowie Knife,Freehand,Bowie Knife,630,480,360,310,270,840,640,490,420,360,,
skin_bowie_knife_gamma_doppler_phase_1,Bowie Knife,Gamma Doppler (Phase 1),Bowie Knife,2600,1975,,,,3500,2650,,,,,
skin_bowie_knife_gamma_doppler_phase_2,Bowie Knife,Gamma Doppler (Phase 2),Bowie Knife,3550,2700,,,,4750,3625,,,,,
skin_bowie_knife_gamma_doppler_phase_3,Bowie Knife,Gamma Doppler (Phase 3),Bowie Knife,2300,1750,,,,3075,2350,,,,,
skin_bowie_knife_gamma_doppler_phase_4,Bowie Knife,Gamma Doppler (Phase 4),Bowie Knife,3025,2300,,,,4050,3075,,,,,
skin_bowie_knife_gamma_doppler_emerald,Bowie Knife,Gamma Doppler (Emerald),Bowie Knife,8550,6500,,,,11500,8700,,,,,
skin_bowie_knife_lore,Bowie Knife,Lore,Bowie Knife,1400,1075,820,710,610,1900,1425,1100,950,810,,
skin_butterfly_knife_vanilla,Butterfly Knife,★ (Vanilla),Butterfly Knife,,,,,,,,,,,4950,6300
skin_butterfly_knife_crimson_web,Butterfly Knife,Crimson Web,Butterfly Knife,24200,18400,14000,12100,10400,32400,24600,18800,16200,13950,,
skin_butterfly_knife_fade,Butterfly Knife,Fade,Butterfly Knife,14100,10700,,,,18900,14350,,,,,
skin_butterfly_knife_blue_steel,Butterfly Knife,Blue Steel,Butterfly Knife,3025,2300,1750,1500,1300,4050,3075,2350,2025,1750,,
skin_butterfly_knife_stained,Butterfly Knife,Stained,Butterfly Knife,2675,2050,1550,1350,1150,3600,2725,2100,1800,1550,,
skin_butterfly_knife_case_hardened,Butterfly Knife,Case Hardened,Butterfly Knife,6050,4600,3500,3025,2600,8100,6150,4700,4050,3475,,
skin_butterfly_knife_forest_ddpat,Butterfly Knife,Forest DDPAT,Butterfly Knife,1600,1225,930,810,690,2150,1650,1250,1075,930,,
skin_butterfly_knife_safari_mesh,Butterfly Knife,Safari Mesh,Butterfly Knife,1350,1025,780,670,600,1800,1375,1050,900,770,,
skin_butterfly_knife_boreal_forest,Butterfly Knife,Boreal Forest,Butterfly Knife,1675,1275,970,840,720,2250,1700,1300,1125,970,,
skin_butterfly_knife_scorched,Butterfly Knife,Scorched,Butterfly Knife,1475,1125,860,740,640,1975,1500,1150,990,850,,
skin_butterfly_knife_urban_masked,Butterfly Knife,Urban Masked,Butterfly Knife,1825,1375,1050,910,780,2425,1850,1400,1225,1050,,
skin_butterfly_knife_night,Butterfly Knife,Night,Butterfly Knife,4700,3575,2725,2350,2025,6300,4800,3650,3150,2700,,
skin_butterfly_knife_slaughter,Butterfly Knife,Slaughter,Butterfly Knife,7050,5350,4100,,,9450,7200,5500,,,,
skin_butterfly_knife_damascus_steel,Butterfly Knife,Damascus Steel,Butterfly Knife,3350,2550,1950,1675,1450,4500,3425,2600,2250,1925,,
skin_butterfly_knife_doppler_phase_1,Butterfly Knife,Doppler (Phase 1),Butterfly Knife,16100,12250,,,,21600,16400,,,,,
skin_butterfly_knife_doppler_phase_2,Butterfly Knife,Doppler (Phase 2),Butterfly Knife,21500,16350,,,,28800,21900,,,,,
skin_butterfly_knife_doppler_phase_3,Butterfly Knife,Doppler (Phase 3),Butterfly Knife,14100,10700,,,,18900,14350,,,,,
skin_butterfly_knife_doppler_phase_4,Butterfly Knife,Doppler (Phase 4),Butterfly Knife,18800,14300,,,,25200,19150,,,,,
skin_butterfly_knife_doppler_ruby,Butterfly Knife,Doppler (Ruby),Butterfly Knife,45700,34700,,,,61200,46500,,,,,
skin_butterfly_knife_doppler_sapphire,Butterfly Knife,Doppler (Sapphire),Butterfly Knife,50400,38300,,,,67500,51300,,,,,
skin_butterfly_knife_doppler_black_pearl,Butterfly Knife,Doppler (Black Pearl),Butterfly Knife,67200,51000,,,,90000,68400,,,,,
skin_butterfly_knife_marble_fade,Butterfly Knife,Marble Fade,Butterfly Knife,9050,7100,,,,11550,9200,,,,,
skin_butterfly_knife_rust_coat,Butterfly Knife,Rust Coat,Butterfly Knife,,,,1825,1550,,,,2425,2100,,
skin_butterfly_knife_tiger_tooth,Butterfly Knife,Tiger Tooth,Butterfly Knife,9750,7400,,,,13050,9900,,,,,
skin_butterfly_knife_ultraviolet,Butterfly Knife,Ultraviolet,Butterfly Knife,4300,3275,2500,2150,1850,5750,4375,3350,2875,2475,,
skin_butterfly_knife_autotronic,Butterfly Knife,Autotronic,Butterfly Knife,7700,5850,4475,3850,3325,10350,7850,6000,5200,4450,,
skin_butterfly_knife_black_laminate,Butterfly Knife,Black Laminate,Butterfly Knife,3900,2950,2250,1950,1675,5200,3975,3025,2600,2250,,
skin_butterfly_knife_bright_water,Butterfly Knife,Bright Water,Butterfly Knife,3625,2750,2100,1825,1550,4850,3700,2825,2425,2100,,
skin_butterfly_knife_freehand,Butterfly Knife,Freehand,Butterfly Knife,4025,3075,2325,2025,1725,5400,4100,3125,2700,2325,,
skin_butterfly_knife_gamma_doppler_phase_1,Butterfly Knife,Gamma Doppler (Phase 1),Butterfly Knife,16800,12750,,,,22500,17100,,,,,
skin_butterfly_knife_gamma_doppler_phase_2,Butterfly Knife,Gamma Doppler (Phase 2),Butterfly Knife,22800,17350,,,,30600,23300,,,,,
skin_butterfly_knife_gamma_doppler_phase_3,Butterfly Knife,Gamma Doppler (Phase 3),Butterfly Knife,14800,11250,,,,19800,15050,,,,,
skin_butterfly_knife_gamma_doppler_phase_4,Butterfly Knife,Gamma Doppler (Phase 4),Butterfly Knife,19500,14800,,,,26100,19850,,,,,
skin_butterfly_knife_gamma_doppler_emerald,Butterfly Knife,Gamma Doppler (Emerald),Butterfly Knife,55100,41900,,,,73800,56100,,,,,
skin_butterfly_knife_lore,Butterfly Knife,Lore,Butterfly Knife,9050,6900,5250,4525,3900,12150,9250,7050,6100,5200,,
skin_classic_knife_vanilla,Classic Knife,★ (Vanilla),Classic Knife,,,,,,,,,,,470,600
skin_classic_knife_crimson_web,Classic Knife,Crimson Web,Classic Knife,6350,4825,3675,3175,2725,8500,6450,4925,4250,3650,,
skin_classic_knife_fade,Classic Knife,Fade,Classic Knife,3700,2800,,,,4950,3775,,,,,
skin_classic_knife_blue_steel,Classic Knife,Blue Steel,Classic Knife,790,600,460,400,340,1050,810,620,530,460,,
skin_classic_knife_stained,Classic Knife,Stained,Classic Knife,700,540,410,350,300,940,720,550,470,410,,
skin_classic_knife_case_hardened,Classic Knife,Case Hardened,Classic Knife,1575,1200,920,790,680,2125,1625,1225,1050,910,,
skin_classic_knife_forest_ddpat,Classic Knife,Forest DDPAT,Classic Knife,420,320,245,210,180,570,430,330,280,245,,
skin_classic_knife_safari_mesh,Classic Knife,Safari Mesh,Classic Knife,350,270,205,175,150,470,360,270,235,205,,
skin_classic_knife_boreal_forest,Classic Knife,Boreal Forest,Classic Knife,440,330,260,220,190,590,450,340,300,250,,
skin_classic_knife_scorched,Classic Knife,Scorched,Classic Knife,390,290,225,195,165,520,390,300,260,225,,
skin_classic_knife_urban_masked,Classic Knife,Urban Masked,Classic Knife,480,360,280,240,205,640,480,370,320,270,,
skin_classic_knife_night_stripe,Classic Knife,Night Stripe,Classic Knife,1225,940,720,620,530,1650,1250,960,830,710,,
skin_classic_knife_slaughter,Classic Knife,Slaughter,Classic Knife,1850,1400,1075,,,2475,1875,1450,,,,
skin_falchion_knife_vanilla,Falchion Knife,★ (Vanilla),Falchion Knife,,,,,,,,,,,290,360
skin_falchion_knife_crimson_web,Falchion Knife,Crimson Web,Falchion Knife,1125,860,650,560,490,1500,1150,880,760,650,,
skin_falchion_knife_fade,Falchion Knife,Fade,Falchion Knife,660,500,,,,880,670,,,,,
skin_falchion_knife_blue_steel,Falchion Knife,Blue Steel,Falchion Knife,210,175,155,145,130,260,220,195,180,160,,
skin_falchion_knife_stained,Falchion Knife,Stained,Falchion Knife,210,175,155,145,130,260,220,195,180,160,,
skin_falchion_knife_case_hardened,Falchion Knife,Case Hardened,Falchion Knife,280,215,165,145,130,380,290,220,190,165,,
skin_falchion_knife_forest_ddpat,Falchion Knife,Forest DDPAT,Falchion Knife,210,175,155,145,130,260,220,195,180,160,,
skin_falchion_knife_safari_mesh,Falchion Knife,Safari Mesh,Falchion Knife,210,175,155,145,130,260,220,195,180,160,,
skin_falchion_knife_boreal_forest,Falchion Knife,Boreal Forest,Falchion Knife,210,175,155,145,130,260,220,195,180,160,,
skin_falchion_knife_scorched,Falchion Knife,Scorched,Falchion Knife,210,175,155,145,130,260,220,195,180,160,,
skin_falchion_knife_urban_masked,Falchion Knife,Urban Masked,Falchion Knife,210,175,155,145,130,260,220,195,180,160,,
skin_falchion_knife_night,Falchion Knife,Night,Falchion Knife,220,175,155,145,130,290,225,195,180,160,,
skin_falchion_knife_slaughter,Falchion Knife,Slaughter,Falchion Knife,330,250,190,,,440,340,260,,,,
skin_falchion_knife_damascus_steel,Falchion Knife,Damascus Steel,Falchion Knife,210,175,155,145,130,260,220,195,180,160,,
skin_falchion_knife_doppler_phase_1,Falchion Knife,Doppler (Phase 1),Falchion Knife,750,570,,,,1000,770,,,,,
skin_falchion_knife_doppler_phase_2,Falchion Knife,Doppler (Phase 2),Falchion Knife,1000,760,,,,1350,1025,,,,,
skin_falchion_knife_doppler_phase_3,Falchion Knife,Doppler (Phase 3),Falchion Knife,660,500,,,,880,670,,,,,
skin_falchion_knife_doppler_phase_4,Falchion Knife,Doppler (Phase 4),Falchion Knife,880,670,,,,1175,890,,,,,
skin_falchion_knife_doppler_ruby,Falchion Knife,Doppler (Ruby),Falchion Knife,2125,1625,,,,2850,2175,,,,,
skin_falchion_knife_doppler_sapphire,Falchion Knife,Doppler (Sapphire),Falchion Knife,2350,1775,,,,3150,2400,,,,,
skin_falchion_knife_doppler_black_pearl,Falchion Knife,Doppler (Black Pearl),Falchion Knife,3125,2375,,,,4200,3200,,,,,
skin_falchion_knife_marble_fade,Falchion Knife,Marble Fade,Falchion Knife,470,360,,,,640,480,,,,,
skin_falchion_knife_rust_coat,Falchion Knife,Rust Coat,Falchion Knife,,,,145,130,,,,180,160,,
skin_falchion_knife_tiger_tooth,Falchion Knife,Tiger Tooth,Falchion Knife,450,350,,,,610,460,,,,,
skin_falchion_knife_ultraviolet,Falchion Knife,Ultraviolet,Falchion Knife,210,175,155,145,130,270,220,195,180,160,,
skin_falchion_knife_autotronic,Falchion Knife,Autotronic,Falchion Knife,360,270,210,180,155,480,370,280,240,210,,
skin_falchion_knife_black_laminate,Falchion Knife,Black Laminate,Falchion Knife,210,175,155,145,130,260,220,195,180,160,,
skin_falchion_knife_bright_water,Falchion Knife,Bright Water,Falchion Knife,210,175,155,145,130,260,220,195,180,160,,
skin_falchion_knife_freehand,Falchion Knife,Freehand,Falchion Knife,210,175,155,145,130,260,220,195,180,160,,
skin_falchion_knife_gamma_doppler_phase_1,Falchion Knife,Gamma Doppler (Phase 1),Falchion Knife,780,600,,,,1050,800,,,,,
skin_falchion_knife_gamma_doppler_phase_2,Falchion Knife,Gamma Doppler (Phase 2),Falchion Knife,1075,810,,,,1425,1075,,,,,
skin_falchion_knife_gamma_doppler_phase_3,Falchion Knife,Gamma Doppler (Phase 3),Falchion Knife,690,520,,,,920,700,,,,,
skin_falchion_knife_gamma_doppler_phase_4,Falchion Knife,Gamma Doppler (Phase 4),Falchion Knife,910,690,,,,1225,930,,,,,
skin_falchion_knife_gamma_doppler_emerald,Falchion Knife,Gamma Doppler (Emerald),Falchion Knife,2575,1950,,,,3450,2625,,,,,
skin_falchion_knife_lore,Falchion Knife,Lore,Falchion Knife,420,320,245,210,180,570,430,330,280,245,,
skin_flip_knife_vanilla,Flip Knife,★ (Vanilla),Flip Knife,,,,,,,,,,,820,1050
skin_flip_knife_crimson_web,Flip Knife,Crimson Web,Flip Knife,4025,3075,2325,2025,1725,5400,4100,3125,2700,2325,,
skin_flip_knife_fade,Flip Knife,Fade,Flip Knife,2350,1775,,,,3150,2400,,,,,
skin_flip_knife_blue_steel,Flip Knife,Blue Steel,Flip Knife,500,380,290,250,215,680,510,390,340,290,,
skin_flip_knife_stained,Flip Knife,Stained,Flip Knife,450,340,260,225,195,600,460,350,300,260,,
skin_flip_knife_case_hardened,Flip Knife,Case Hardened,Flip Knife,1000,770,580,500,430,1350,1025,780,680,580,,
skin_flip_knife_forest_ddpat,Flip Knife,Forest DDPAT,Flip Knife,300,250,220,205,185,370,310,280,260,230,,
skin_flip_knife_safari_mesh,Flip Knife,Safari Mesh,Flip Knife,300,250,220,205,185,370,310,280,260,230,,
skin_flip_knife_boreal_forest,Flip Knife,Boreal Forest,Flip Knife,300,250,220,205,185,380,310,280,260,230,,
skin_flip_knife_scorched,Flip Knife,Scorched,Flip Knife,300,250,220,205,185,370,310,280,260,230,,
skin_flip_knife_urban_masked,Flip Knife,Urban Masked,Flip Knife,300,250,220,205,185,400,310,280,260,230,,
skin_flip_knife_night,Flip Knife,Night,Flip Knife,780,600,450,390,340,1050,800,610,520,450,,
skin_flip_knife_slaughter,Flip Knife,Slaughter,Flip Knife,1175,890,680,,,1575,1200,910,,,,
skin_flip_knife_damascus_steel,Flip Knife,Damascus Steel,Flip Knife,560,430,320,280,240,750,570,430,380,320,,
skin_flip_knife_doppler_phase_1,Flip Knife,Doppler (Phase 1),Flip Knife,2675,2050,,,,3600,2725,,,,,
skin_flip_knife_doppler_phase_2,Flip Knife,Doppler (Phase 2),Flip Knife,3575,2725,,,,4800,3650,,,,,
skin_flip_knife_doppler_phase_3,Flip Knife,Doppler (Phase 3),Flip Knife,2350,1775,,,,3150,2400,,,,,
skin_flip_knife_doppler_phase_4,Flip Knife,Doppler (Phase 4),Flip Knife,3125,2375,,,,4200,3200,,,,,
skin_flip_knife_doppler_ruby,Flip Knife,Doppler (Ruby),Flip Knife,7600,5800,,,,10200,7750,,,,,
skin_flip_knife_doppler_sapphire,Flip Knife,Doppler (Sapphire),Flip Knife,8400,6400,,,,11250,8550,,,,,
skin_flip_knife_doppler_black_pearl,Flip Knife,Doppler (Black Pearl),Flip Knife,11200,8500,,,,15000,11400,,,,,
skin_flip_knife_marble_fade,Flip Knife,Marble Fade,Flip Knife,1700,1275,,,,2225,1700,,,,,
skin_flip_knife_rust_coat,Flip Knife,Rust Coat,Flip Knife,,,,300,260,,,,400,350,,
skin_flip_knife_tiger_tooth,Flip Knife,Tiger Tooth,Flip Knife,1625,1225,,,,2175,1650,,,,,
skin_flip_knife_ultraviolet,Flip Knife,Ultraviolet,Flip Knife,720,540,420,360,310,960,730,560,480,410,,
skin_flip_knife_autotronic,Flip Knife,Autotronic,Flip Knife,1275,980,750,640,550,1725,1300,1000,860,740,,
skin_flip_knife_black_laminate,Flip Knife,Black Laminate,Flip Knife,650,490,380,320,280,870,660,500,440,370,,
skin_flip_knife_bright_water,Flip Knife,Bright Water,Flip Knife,600,460,350,300,260,810,620,470,400,350,,
skin_flip_knife_freehand,Flip Knife,Freehand,Flip Knife,670,510,390,340,290,900,680,520,450,390,,
skin_flip_knife_gamma_doppler_phase_1,Flip Knife,Gamma Doppler (Phase 1),Flip Knife,2800,2125,,,,3750,2850,,,,,
skin_flip_knife_gamma_doppler_phase_2,Flip Knife,Gamma Doppler (Phase 2),Flip Knife,3800,2900,,,,5100,3875,,,,,
skin_flip_knife_gamma_doppler_phase_3,Flip Knife,Gamma Doppler (Phase 3),Flip Knife,2475,1875,,,,3300,2500,,,,,
skin_flip_knife_gamma_doppler_phase_4,Flip Knife,Gamma Doppler (Phase 4),Flip Knife,3250,2475,,,,4350,3300,,,,,
skin_flip_knife_gamma_doppler_emerald,Flip Knife,Gamma Doppler (Emerald),Flip Knife,9200,7000,,,,12300,9350,,,,,
skin_flip_knife_lore,Flip Knife,Lore,Flip Knife,1500,1150,880,760,650,2025,1550,1175,1025,870,,
skin_gut_knife_vanilla,Gut Knife,★ (Vanilla),Gut Knife,,,,,,,,,,,240,310
skin_gut_knife_crimson_web,Gut Knife,Crimson Web,Gut Knife,380,290,220,190,160,500,380,290,250,215,,
skin_gut_knife_fade,Gut Knife,Fade,Gut Knife,220,165,,,,290,225,,,,,
skin_gut_knife_blue_steel,Gut Knife,Blue Steel,Gut Knife,175,150,130,120,110,220,185,165,150,140,,
skin_gut_knife_stained,Gut Knife,Stained,Gut Knife,175,150,130,120,110,220,185,165,150,140,,
skin_gut_knife_case_hardened,Gut Knife,Case Hardened,Gut Knife,175,150,130,120,110,220,185,165,150,140,,
skin_gut_knife_forest_ddpat,Gut Knife,Forest DDPAT,Gut Knife,175,150,130,120,110,220,185,165,150,140,,
skin_gut_knife_safari_mesh,Gut Knife,Safari Mesh,Gut Knife,175,150,130,120,110,220,185,165,150,140,,
skin_gut_knife_boreal_forest,Gut Knife,Boreal Forest,Gut Knife,175,150,130,120,110,220,185,165,150,140,,
skin_gut_knife_scorched,Gut Knife,Scorched,Gut Knife,175,150,130,120,110,220,185,165,150,140,,
skin_gut_knife_urban_masked,Gut Knife,Urban Masked,Gut Knife,175,150,130,120,110,220,185,165,150,140,,
skin_gut_knife_night,Gut Knife,Night,Gut Knife,175,150,130,120,110,220,185,165,150,140,,
skin_gut_knife_slaughter,Gut Knife,Slaughter,Gut Knife,175,150,130,,,220,185,165,,,,
skin_gut_knife_damascus_steel,Gut Knife,Damascus Steel,Gut Knife,175,150,130,120,110,220,185,165,150,140,,
skin_gut_knife_doppler_phase_1,Gut Knife,Doppler (Phase 1),Gut Knife,250,190,,,,340,260,,,,,
skin_gut_knife_doppler_phase_2,Gut Knife,Doppler (Phase 2),Gut Knife,330,250,,,,450,340,,,,,
skin_gut_knife_doppler_phase_3,Gut Knife,Doppler (Phase 3),Gut Knife,220,165,,,,290,225,,,,,
skin_gut_knife_doppler_phase_4,Gut Knife,Doppler (Phase 4),Gut Knife,290,220,,,,390,300,,,,,
skin_gut_knife_doppler_ruby,Gut Knife,Doppler (Ruby),Gut Knife,710,540,,,,950,720,,,,,
skin_gut_knife_doppler_sapphire,Gut Knife,Doppler (Sapphire),Gut Knife,780,600,,,,1050,800,,,,,
skin_gut_knife_doppler_black_pearl,Gut Knife,Doppler (Black Pearl),Gut Knife,1050,790,,,,1400,1075,,,,,
skin_gut_knife_marble_fade,Gut Knife,Marble Fade,Gut Knife,160,125,,,,210,160,,,,,
skin_gut_knife_rust_coat,Gut Knife,Rust Coat,Gut Knife,,,,120,110,,,,150,140,,
skin_gut_knife_tiger_tooth,Gut Knife,Tiger Tooth,Gut Knife,175,150,,,,220,185,,,,,
skin_gut_knife_ultraviolet,Gut Knife,Ultraviolet,Gut Knife,175,150,130,120,110,220,185,165,150,140,,
skin_gut_knife_autotronic,Gut Knife,Autotronic,Gut Knife,175,150,130,120,110,220,185,165,150,140,,
skin_gut_knife_black_laminate,Gut Knife,Black Laminate,Gut Knife,175,150,130,120,110,220,185,165,150,140,,
skin_gut_knife_bright_water,Gut Knife,Bright Water,Gut Knife,175,150,130,120,110,220,185,165,150,140,,
skin_gut_knife_freehand,Gut Knife,Freehand,Gut Knife,175,150,130,120,110,220,185,165,150,140,,
skin_gut_knife_gamma_doppler_phase_1,Gut Knife,Gamma Doppler (Phase 1),Gut Knife,260,200,,,,350,270,,,,,
skin_gut_knife_gamma_doppler_phase_2,Gut Knife,Gamma Doppler (Phase 2),Gut Knife,360,270,,,,480,360,,,,,
skin_gut_knife_gamma_doppler_phase_3,Gut Knife,Gamma Doppler (Phase 3),Gut Knife,230,175,,,,310,235,,,,,
skin_gut_knife_gamma_doppler_phase_4,Gut Knife,Gamma Doppler (Phase 4),Gut Knife,300,230,,,,410,310,,,,,
skin_gut_knife_gamma_doppler_emerald,Gut Knife,Gamma Doppler (Emerald),Gut Knife,860,650,,,,1150,870,,,,,
skin_gut_knife_lore,Gut Knife,Lore,Gut Knife,175,150,130,120,110,220,185,165,150,140,,
skin_huntsman_knife_vanilla,Huntsman Knife,★ (Vanilla),Huntsman Knife,,,,,,,,,,,1325,1675
skin_huntsman_knife_crimson_web,Huntsman Knife,Crimson Web,Huntsman Knife,6450,4900,3750,3225,2775,8650,6550,5000,4325,3725,,
skin_huntsman_knife_fade,Huntsman Knife,Fade,Huntsman Knife,3750,2850,,,,5050,3825,,,,,
skin_huntsman_knife_blue_steel,Huntsman Knife,Blue Steel,Huntsman Knife,810,610,470,400,350,1075,820,630,540,460,,
skin_huntsman_knife_stained,Huntsman Knife,Stained,Huntsman Knife,720,540,420,360,310,960,730,560,480,410,,
skin_huntsman_knife_case_hardened,Huntsman Knife,Case Hardened,Huntsman Knife,1600,1225,930,810,690,2150,1650,1250,1075,930,,
skin_huntsman_knife_forest_ddpat,Huntsman Knife,Forest DDPAT,Huntsman Knife,430,330,290,260,240,580,440,360,330,300,,
skin_huntsman_knife_safari_mesh,Huntsman Knife,Safari Mesh,Huntsman Knife,380,320,290,260,240,480,410,360,330,300,,
skin_huntsman_knife_boreal_forest,Huntsman Knife,Boreal Forest,Huntsman Knife,450,340,290,260,240,600,460,360,330,300,,
skin_huntsman_knife_scorched,Huntsman Knife,Scorched,Huntsman Knife,390,320,290,260,240,530,410,360,330,300,,
skin_huntsman_knife_urban_masked,Huntsman Knife,Urban Masked,Huntsman Knife,480,370,290,260,240,650,490,380,330,300,,
skin_huntsman_knife_night,Huntsman Knife,Night,Huntsman Knife,1250,950,730,630,540,1675,1275,970,840,720,,
skin_huntsman_knife_slaughter,Huntsman Knife,Slaughter,Huntsman Knife,1875,1425,1100,,,2525,1925,1450,,,,
skin_huntsman_knife_damascus_steel,Huntsman Knife,Damascus Steel,Huntsman Knife,900,680,520,450,390,1200,910,700,600,520,,
skin_huntsman_knife_doppler_phase_1,Huntsman Knife,Doppler (Phase 1),Huntsman Knife,4300,3275,,,,5750,4375,,,,,
skin_huntsman_knife_doppler_phase_2,Huntsman Knife,Doppler (Phase 2),Huntsman Knife,5750,4350,,,,7700,5850,,,,,
skin_huntsman_knife_doppler_phase_3,Huntsman Knife,Doppler (Phase 3),Huntsman Knife,3750,2850,,,,5050,3825,,,,,
skin_huntsman_knife_doppler_phase_4,Huntsman Knife,Doppler (Phase 4),Huntsman Knife,5000,3800,,,,6700,5100,,,,,
skin_huntsman_knife_doppler_ruby,Huntsman Knife,Doppler (Ruby),Huntsman Knife,12200,9250,,,,16300,12400,,,,,
skin_huntsman_knife_doppler_sapphire,Huntsman Knife,Doppler (Sapphire),Huntsman Knife,13450,10200,,,,18000,13700,,,,,
skin_huntsman_knife_doppler_black_pearl,Huntsman Knife,Doppler (Black Pearl),Huntsman Knife,17900,13600,,,,24000,18250,,,,,
skin_huntsman_knife_marble_fade,Huntsman Knife,Marble Fade,Huntsman Knife,2650,2025,,,,3525,2700,,,,,
skin_huntsman_knife_rust_coat,Huntsman Knife,Rust Coat,Huntsman Knife,,,,480,420,,,,650,560,,
skin_huntsman_knife_tiger_tooth,Huntsman Knife,Tiger Tooth,Huntsman Knife,2600,1975,,,,3475,2650,,,,,
skin_huntsman_knife_ultraviolet,Huntsman Knife,Ultraviolet,Huntsman Knife,1150,870,660,570,490,1525,1175,890,770,660,,
skin_huntsman_knife_autotronic,Huntsman Knife,Autotronic,Huntsman Knife,2050,1575,1200,1025,890,2750,2100,1600,1375,1175,,
skin_huntsman_knife_black_laminate,Huntsman Knife,Black Laminate,Huntsman Knife,1050,790,600,520,450,1400,1050,810,700,600,,
skin_huntsman_knife_bright_water,Huntsman Knife,Bright Water,Huntsman Knife,970,740,560,480,420,1300,980,750,650,560,,
skin_huntsman_knife_freehand,Huntsman Knife,Freehand,Huntsman Knife,1075,820,620,540,460,1450,1100,840,720,620,,
skin_huntsman_knife_gamma_doppler_phase_1,Huntsman Knife,Gamma Doppler (Phase 1),Huntsman Knife,4475,3400,,,,6000,4550,,,,,
skin_huntsman_knife_gamma_doppler_phase_2,Huntsman Knife,Gamma Doppler (Phase 2),Huntsman Knife,6100,4625,,,,8150,6200,,,,,
skin_huntsman_knife_gamma_doppler_phase_3,Huntsman Knife,Gamma Doppler (Phase 3),Huntsman Knife,3950,3000,,,,5300,4025,,,,,
skin_huntsman_knife_gamma_doppler_phase_4,Huntsman Knife,Gamma Doppler (Phase 4),Huntsman Knife,5200,3950,,,,6950,5300,,,,,
skin_huntsman_knife_gamma_doppler_emerald,Huntsman Knife,Gamma Doppler (Emerald),Huntsman Knife,14700,11150,,,,19700,14950,,,,,
skin_huntsman_knife_lore,Huntsman Knife,Lore,Huntsman Knife,2425,1850,1400,1200,1050,3250,2450,1875,1625,1400,,
skin_karambit_vanilla,Karambit,★ (Vanilla),Karambit,,,,,,,,,,,5200,6650
skin_karambit_crimson_web,Karambit,Crimson Web,Karambit,25500,19400,14800,12750,10950,34200,26000,19850,17100,14700,,
skin_karambit_fade,Karambit,Fade,Karambit,14900,11300,,,,19950,15150,,,,,
skin_karambit_blue_steel,Karambit,Blue Steel,Karambit,3200,2425,1850,1600,1375,4275,3250,2475,2150,1850,,
skin_karambit_stained,Karambit,Stained,Karambit,2825,2150,1650,1425,1225,3800,2900,2200,1900,1625,,
skin_karambit_case_hardened,Karambit,Case Hardened,Karambit,6400,4850,3700,3200,2750,8550,6500,4950,4275,3675,,
skin_karambit_forest_ddpat,Karambit,Forest DDPAT,Karambit,1700,1300,990,850,730,2275,1725,1325,1150,980,,
skin_karambit_safari_mesh,Karambit,Safari Mesh,Karambit,1425,1075,820,710,620,1900,1450,1100,950,820,,
skin_karambit_boreal_forest,Karambit,Boreal Forest,Karambit,1775,1350,1025,890,760,2375,1800,1375,1200,1025,,
skin_karambit_scorched,Karambit,Scorched,Karambit,1550,1175,900,780,670,2100,1600,1200,1050,900,,
skin_karambit_urban_masked,Karambit,Urban Masked,Karambit,1925,1450,1100,960,820,2575,1950,1500,1275,1100,,
skin_karambit_night,Karambit,Night,Karambit,4975,3775,2875,2475,2125,6650,5050,3850,3325,2850,,
skin_karambit_slaughter,Karambit,Slaughter,Karambit,7450,5650,4325,,,10000,7600,5800,,,,
skin_karambit_damascus_steel,Karambit,Damascus Steel,Karambit,3550,2700,2050,1775,1525,4750,3600,2750,2375,2050,,
skin_karambit_doppler_phase_1,Karambit,Doppler (Phase 1),Karambit,17000,12950,,,,22800,17350,,,,,
skin_karambit_doppler_phase_2,Karambit,Doppler (Phase 2),Karambit,22700,17250,,,,30400,23100,,,,,
skin_karambit_doppler_phase_3,Karambit,Doppler (Phase 3),Karambit,14900,11300,,,,19950,15150,,,,,
skin_karambit_doppler_phase_4,Karambit,Doppler (Phase 4),Karambit,19850,15100,,,,26600,20200,,,,,
skin_karambit_doppler_ruby,Karambit,Doppler (Ruby),Karambit,48200,36600,,,,64600,49100,,,,,
skin_karambit_doppler_sapphire,Karambit,Doppler (Sapphire),Karambit,53200,40400,,,,71200,54200,,,,,
skin_karambit_doppler_black_pearl,Karambit,Doppler (Black Pearl),Karambit,70900,53900,,,,95000,72200,,,,,
skin_karambit_marble_fade,Karambit,Marble Fade,Karambit,9500,7450,,,,12100,9650,,,,,
skin_karambit_rust_coat,Karambit,Rust Coat,Karambit,,,,1925,1650,,,,2575,2200,,
skin_karambit_tiger_tooth,Karambit,Tiger Tooth,Karambit,10300,7800,,,,13750,10450,,,,,
skin_karambit_ultraviolet,Karambit,Ultraviolet,Karambit,4525,3450,2625,2275,1950,6100,4625,3525,3050,2625,,
skin_karambit_autotronic,Karambit,Autotronic,Karambit,8150,6200,4725,4075,3500,10900,8300,6350,5450,4700,,
skin_karambit_black_laminate,Karambit,Black Laminate,Karambit,4100,3125,2375,2050,1775,5500,4200,3200,2750,2375,,
skin_karambit_bright_water,Karambit,Bright Water,Karambit,3825,2900,2225,1925,1650,5150,3900,2975,2575,2200,,
skin_karambit_freehand,Karambit,Freehand,Karambit,4250,3225,2475,2125,1825,5700,4325,3300,2850,2450,,
skin_karambit_gamma_doppler_phase_1,Karambit,Gamma Doppler (Phase 1),Karambit,17700,13450,,,,23800,18050,,,,,
skin_karambit_gamma_doppler_phase_2,Karambit,Gamma Doppler (Phase 2),Karambit,24100,18300,,,,32300,24500,,,,,
skin_karambit_gamma_doppler_phase_3,Karambit,Gamma Doppler (Phase 3),Karambit,15600,11850,,,,20900,15900,,,,,
skin_karambit_gamma_doppler_phase_4,Karambit,Gamma Doppler (Phase 4),Karambit,20600,15650,,,,27500,20900,,,,,
skin_karambit_gamma_doppler_emerald,Karambit,Gamma Doppler (Emerald),Karambit,58100,44200,,,,77900,59200,,,,,
skin_karambit_lore,Karambit,Lore,Karambit,9550,7250,5550,4775,4125,12800,9750,7450,6400,5500,,
skin_kukri_knife_vanilla,Kukri Knife,★ (Vanilla),Kukri Knife,,,,,,,,,,,410,520
skin_kukri_knife_crimson_web,Kukri Knife,Crimson Web,Kukri Knife,5600,4250,3250,2800,2400,7500,5700,4350,3750,3225,,
skin_kukri_knife_fade,Kukri Knife,Fade,Kukri Knife,3275,2475,,,,4375,3325,,,,,
skin_kukri_knife_blue_steel,Kukri Knife,Blue Steel,Kukri Knife,700,530,410,350,300,940,710,540,470,400,,
skin_kukri_knife_stained,Kukri Knife,Stained,Kukri Knife,620,470,360,310,270,830,630,480,420,360,,
skin_kukri_knife_case_hardened,Kukri Knife,Case Hardened,Kukri Knife,1400,1075,810,700,600,1875,1425,1100,940,810,,
skin_kukri_knife_forest_ddpat,Kukri Knife,Forest DDPAT,Kukri Knife,370,280,215,185,160,500,380,290,250,215,,
skin_kukri_knife_safari_mesh,Kukri Knife,Safari Mesh,Kukri Knife,310,235,180,160,145,420,320,240,210,180,,
skin_kukri_knife_boreal_forest,Kukri Knife,Boreal Forest,Kukri Knife,390,300,225,195,165,520,400,300,260,225,,
skin_kukri_knife_scorched,Kukri Knife,Scorched,Kukri Knife,340,260,200,170,145,460,350,270,230,195,,
skin_kukri_knife_urban_masked,Kukri Knife,Urban Masked,Kukri Knife,420,320,245,210,180,560,430,330,280,240,,
skin_kukri_knife_night_stripe,Kukri Knife,Night Stripe,Kukri Knife,1100,830,630,540,470,1450,1100,850,730,630,,
skin_kukri_knife_slaughter,Kukri Knife,Slaughter,Kukri Knife,1625,1250,950,,,2200,1650,1275,,,,
skin_m9_bayonet_vanilla,M9 Bayonet,★ (Vanilla),M9 Bayonet,,,,,,,,,,,5450,6950
skin_m9_bayonet_crimson_web,M9 Bayonet,Crimson Web,M9 Bayonet,26700,20300,15500,13350,11500,35800,27200,20800,17900,15400,,
skin_m9_bayonet_fade,M9 Bayonet,Fade,M9 Bayonet,15600,11850,,,,20900,15900,,,,,
skin_m9_bayonet_blue_steel,M9 Bayonet,Blue Steel,M9 Bayonet,3350,2550,1950,1675,1425,4475,3400,2600,2250,1925,,
skin_m9_bayonet_stained,M9 Bayonet,Stained,M9 Bayonet,2975,2250,1725,1475,1275,3975,3025,2300,2000,1700,,
skin_m9_bayonet_case_hardened,M9 Bayonet,Case Hardened,M9 Bayonet,6700,5100,3875,3350,2875,8950,6800,5200,4475,3850,,
skin_m9_bayonet_forest_ddpat,M9 Bayonet,Forest DDPAT,M9 Bayonet,1775,1350,1025,890,770,2400,1825,1375,1200,1025,,
skin_m9_bayonet_safari_mesh,M9 Bayonet,Safari Mesh,M9 Bayonet,1475,1125,860,740,650,2000,1500,1150,1000,860,,
skin_m9_bayonet_boreal_forest,M9 Bayonet,Boreal Forest,M9 Bayonet,1850,1400,1075,930,800,2500,1900,1450,1250,1075,,
skin_m9_bayonet_scorched,M9 Bayonet,Scorched,M9 Bayonet,1625,1250,950,820,700,2200,1675,1275,1100,940,,
skin_m9_bayonet_urban_masked,M9 Bayonet,Urban Masked,M9 Bayonet,2000,1525,1175,1000,860,2675,2050,1550,1350,1150,,
skin_m9_bayonet_night,M9 Bayonet,Night,M9 Bayonet,5200,3950,3025,2600,2225,6950,5300,4050,3475,3000,,
skin_m9_bayonet_slaughter,M9 Bayonet,Slaughter,M9 Bayonet,7800,5950,4525,,,10450,7950,6050,,,,
skin_m9_bayonet_damascus_steel,M9 Bayonet,Damascus Steel,M9 Bayonet,3725,2825,2150,1850,1600,4975,3775,2875,2500,2150,,
skin_m9_bayonet_doppler_phase_1,M9 Bayonet,Doppler (Phase 1),M9 Bayonet,17800,13550,,,,23900,18150,,,,,
skin_m9_bayonet_doppler_phase_2,M9 Bayonet,Doppler (Phase 2),M9 Bayonet,23800,18050,,,,31800,24200,,,,,
skin_m9_bayonet_doppler_phase_3,M9 Bayonet,Doppler (Phase 3),M9 Bayonet,15600,11850,,,,20900,15900,,,,,
skin_m9_bayonet_doppler_phase_4,M9 Bayonet,Doppler (Phase 4),M9 Bayonet,20800,15800,,,,27900,21200,,,,,
skin_m9_bayonet_doppler_ruby,M9 Bayonet,Doppler (Ruby),M9 Bayonet,50500,38400,,,,67700,51400,,,,,
skin_m9_bayonet_doppler_sapphire,M9 Bayonet,Doppler (Sapphire),M9 Bayonet,55700,42300,,,,74600,56700,,,,,
skin_m9_bayonet_doppler_black_pearl,M9 Bayonet,Doppler (Black Pearl),M9 Bayonet,74300,56400,,,,99500,75600,,,,,
skin_m9_bayonet_marble_fade,M9 Bayonet,Marble Fade,M9 Bayonet,9850,7750,,,,12550,10000,,,,,
skin_m9_bayonet_rust_coat,M9 Bayonet,Rust Coat,M9 Bayonet,,,,2000,1725,,,,2675,2300,,
skin_m9_bayonet_tiger_tooth,M9 Bayonet,Tiger Tooth,M9 Bayonet,10750,8200,,,,14450,10950,,,,,
skin_m9_bayonet_ultraviolet,M9 Bayonet,Ultraviolet,M9 Bayonet,4750,3600,2750,2375,2050,6350,4850,3700,3175,2750,,
skin_m9_bayonet_autotronic,M9 Bayonet,Autotronic,M9 Bayonet,8550,6500,4950,4275,3675,11450,8700,6650,5700,4925,,
skin_m9_bayonet_black_laminate,M9 Bayonet,Black Laminate,M9 Bayonet,4300,3275,2500,2150,1850,5750,4375,3350,2875,2475,,
skin_m9_bayonet_bright_water,M9 Bayonet,Bright Water,M9 Bayonet,4000,3050,2325,2000,1725,5350,4075,3125,2675,2300,,
skin_m9_bayonet_freehand,M9 Bayonet,Freehand,M9 Bayonet,4450,3375,2575,2225,1925,5950,4525,3475,2975,2575,,
skin_m9_bayonet_gamma_doppler_phase_1,M9 Bayonet,Gamma Doppler (Phase 1),M9 Bayonet,18550,14100,,,,24900,18900,,,,,
skin_m9_bayonet_gamma_doppler_phase_2,M9 Bayonet,Gamma Doppler (Phase 2),M9 Bayonet,25200,19200,,,,33800,25700,,,,,
skin_m9_bayonet_gamma_doppler_phase_3,M9 Bayonet,Gamma Doppler (Phase 3),M9 Bayonet,16350,12400,,,,21900,16650,,,,,
skin_m9_bayonet_gamma_doppler_phase_4,M9 Bayonet,Gamma Doppler (Phase 4),M9 Bayonet,21500,16350,,,,28900,21900,,,,,
skin_m9_bayonet_gamma_doppler_emerald,M9 Bayonet,Gamma Doppler (Emerald),M9 Bayonet,60900,46300,,,,81600,62000,,,,,
skin_m9_bayonet_lore,M9 Bayonet,Lore,M9 Bayonet,10000,7600,5800,5000,4300,13450,10200,7800,6700,5800,,
skin_navaja_knife_vanilla,Navaja Knife,★ (Vanilla),Navaja Knife,,,,,,,,,,,220,280
skin_navaja_knife_crimson_web,Navaja Knife,Crimson Web,Navaja Knife,340,260,195,170,145,450,340,260,225,195,,
skin_navaja_knife_fade,Navaja Knife,Fade,Navaja Knife,195,150,,,,260,200,,,,,
skin_navaja_knife_blue_steel,Navaja Knife,Blue Steel,Navaja Knife,160,135,120,110,100,200,170,150,140,125,,
skin_navaja_knife_stained,Navaja Knife,Stained,Navaja Knife,160,135,120,110,100,200,170,150,140,125,,
skin_navaja_knife_case_hardened,Navaja Knife,Case Hardened,Navaja Knife,160,135,120,110,100,200,170,150,140,125,,
skin_navaja_knife_forest_ddpat,Navaja Knife,Forest DDPAT,Navaja Knife,160,135,120,110,100,200,170,150,140,125,,
skin_navaja_knife_safari_mesh,Navaja Knife,Safari Mesh,Navaja Knife,160,135,120,110,100,200,170,150,140,125,,
skin_navaja_knife_boreal_forest,Navaja Knife,Boreal Forest,Navaja Knife,160,135,120,110,100,200,170,150,140,125,,
skin_navaja_knife_scorched,Navaja Knife,Scorched,Navaja Knife,160,135,120,110,100,200,170,150,140,125,,
skin_navaja_knife_urban_masked,Navaja Knife,Urban Masked,Navaja Knife,160,135,120,110,100,200,170,150,140,125,,
skin_navaja_knife_night_stripe,Navaja Knife,Night Stripe,Navaja Knife,160,135,120,110,100,200,170,150,140,125,,
skin_navaja_knife_slaughter,Navaja Knife,Slaughter,Navaja Knife,160,135,120,,,200,170,150,,,,
skin_navaja_knife_damascus_steel,Navaja Knife,Damascus Steel,Navaja Knife,160,135,120,110,100,200,170,150,140,125,,
skin_navaja_knife_doppler_phase_1,Navaja Knife,Doppler (Phase 1),Navaja Knife,225,170,,,,300,230,,,,,
skin_navaja_knife_doppler_phase_2,Navaja Knife,Doppler (Phase 2),Navaja Knife,300,225,,,,400,300,,,,,
skin_navaja_knife_doppler_phase_3,Navaja Knife,Doppler (Phase 3),Navaja Knife,195,150,,,,260,200,,,,,
skin_navaja_knife_doppler_phase_4,Navaja Knife,Doppler (Phase 4),Navaja Knife,260,200,,,,350,270,,,,,
skin_navaja_knife_doppler_ruby,Navaja Knife,Doppler (Ruby),Navaja Knife,630,480,,,,850,650,,,,,
skin_navaja_knife_doppler_sapphire,Navaja Knife,Doppler (Sapphire),Navaja Knife,700,530,,,,940,710,,,,,
skin_navaja_knife_doppler_black_pearl,Navaja Knife,Doppler (Black Pearl),Navaja Knife,930,710,,,,1250,950,,,,,
skin_navaja_knife_marble_fade,Navaja Knife,Marble Fade,Navaja Knife,145,115,,,,190,145,,,,,
skin_navaja_knife_rust_coat,Navaja Knife,Rust Coat,Navaja Knife,,,,110,100,,,,140,125,,
skin_navaja_knife_tiger_tooth,Navaja Knife,Tiger Tooth,Navaja Knife,160,135,,,,200,170,,,,,
skin_navaja_knife_ultraviolet,Navaja Knife,Ultraviolet,Navaja Knife,160,135,120,110,100,200,170,150,140,125,,
skin_nomad_knife_vanilla,Nomad Knife,★ (Vanilla),Nomad Knife,,,,,,,,,,,520,670
skin_nomad_knife_crimson_web,Nomad Knife,Crimson Web,Nomad Knife,2550,1950,1475,1275,1100,3425,2600,1975,1700,1475,,
skin_nomad_knife_fade,Nomad Knife,Fade,Nomad Knife,1500,1125,,,,2000,1525,,,,,
skin_nomad_knife_blue_steel,Nomad Knife,Blue Steel,Nomad Knife,320,240,185,170,155,430,320,250,215,195,,
skin_nomad_knife_stained,Nomad Knife,Stained,Nomad Knife,280,215,185,170,155,380,290,230,215,195,,
skin_nomad_knife_case_hardened,Nomad Knife,Case Hardened,Nomad Knife,640,480,370,320,270,860,650,500,430,370,,
skin_nomad_knife_forest_ddpat,Nomad Knife,Forest DDPAT,Nomad Knife,250,210,185,170,155,310,260,230,215,195,,
skin_nomad_knife_safari_mesh,Nomad Knife,Safari Mesh,Nomad Knife,250,210,185,170,155,310,260,230,215,195,,
skin_nomad_knife_boreal_forest,Nomad Knife,Boreal Forest,Nomad Knife,250,210,185,170,155,310,260,230,215,195,,
skin_nomad_knife_scorched,Nomad Knife,Scorched,Nomad Knife,250,210,185,170,155,310,260,230,215,195,,
skin_nomad_knife_urban_masked,Nomad Knife,Urban Masked,Nomad Knife,250,210,185,170,155,310,260,230,215,195,,
skin_nomad_knife_night_stripe,Nomad Knife,Night Stripe,Nomad Knife,500,380,290,250,215,670,510,390,330,290,,
skin_nomad_knife_slaughter,Nomad Knife,Slaughter,Nomad Knife,740,570,430,,,1000,760,580,,,,
skin_nomad_knife_damascus_steel,Nomad Knife,Damascus Steel,Nomad Knife,350,270,205,175,155,480,360,280,240,205,,
skin_nomad_knife_doppler_phase_1,Nomad Knife,Doppler (Phase 1),Nomad Knife,1700,1300,,,,2275,1725,,,,,
skin_nomad_knife_doppler_phase_2,Nomad Knife,Doppler (Phase 2),Nomad Knife,2275,1725,,,,3050,2300,,,,,
skin_nomad_knife_doppler_phase_3,Nomad Knife,Doppler (Phase 3),Nomad Knife,1500,1125,,,,2000,1525,,,,,
skin_nomad_knife_doppler_phase_4,Nomad Knife,Doppler (Phase 4),Nomad Knife,1975,1500,,,,2650,2025,,,,,
skin_nomad_knife_doppler_ruby,Nomad Knife,Doppler (Ruby),Nomad Knife,4825,3675,,,,6450,4900,,,,,
skin_nomad_knife_doppler_sapphire,Nomad Knife,Doppler (Sapphire),Nomad Knife,5300,4050,,,,7100,5400,,,,,
skin_nomad_knife_doppler_black_pearl,Nomad Knife,Doppler (Black Pearl),Nomad Knife,7100,5400,,,,9500,7200,,,,,
skin_nomad_knife_marble_fade,Nomad Knife,Marble Fade,Nomad Knife,1075,820,,,,1425,1100,,,,,
skin_nomad_knife_rust_coat,Nomad Knife,Rust Coat,Nomad Knife,,,,190,165,,,,260,220,,
skin_nomad_knife_tiger_tooth,Nomad Knife,Tiger Tooth,Nomad Knife,1025,780,,,,1375,1050,,,,,
skin_nomad_knife_ultraviolet,Nomad Knife,Ultraviolet,Nomad Knife,450,340,260,225,195,610,460,350,300,260,,
skin_paracord_knife_vanilla,Paracord Knife,★ (Vanilla),Paracord Knife,,,,,,,,,,,260,340
skin_paracord_knife_crimson_web,Paracord Knife,Crimson Web,Paracord Knife,640,490,370,320,280,860,660,500,430,370,,
skin_paracord_knife_fade,Paracord Knife,Fade,Paracord Knife,380,290,,,,500,380,,,,,
skin_paracord_knife_blue_steel,Paracord Knife,Blue Steel,Paracord Knife,190,160,145,130,120,240,205,180,165,150,,
skin_paracord_knife_stained,Paracord Knife,Stained,Paracord Knife,190,160,145,130,120,240,205,180,165,150,,
skin_paracord_knife_case_hardened,Paracord Knife,Case Hardened,Paracord Knife,190,160,145,130,120,240,205,180,165,150,,
skin_paracord_knife_forest_ddpat,Paracord Knife,Forest DDPAT,Paracord Knife,190,160,145,130,120,240,205,180,165,150,,
skin_paracord_knife_safari_mesh,Paracord Knife,Safari Mesh,Paracord Knife,190,160,145,130,120,240,205,180,165,150,,
skin_paracord_knife_boreal_forest,Paracord Knife,Boreal Forest,Paracord Knife,190,160,145,130,120,240,205,180,165,150,,
skin_paracord_knife_scorched,Paracord Knife,Scorched,Paracord Knife,190,160,145,130,120,240,205,180,165,150,,
skin_paracord_knife_urban_masked,Paracord Knife,Urban Masked,Paracord Knife,190,160,145,130,120,240,205,180,165,150,,
skin_paracord_knife_night_stripe,Paracord Knife,Night Stripe,Paracord Knife,190,160,145,130,120,240,205,180,165,150,,
skin_paracord_knife_slaughter,Paracord Knife,Slaughter,Paracord Knife,190,160,145,,,250,205,180,,,,
skin_paracord_knife_damascus_steel,Paracord Knife,Damascus Steel,Paracord Knife,190,160,145,130,120,240,205,180,165,150,,
skin_paracord_knife_doppler_phase_1,Paracord Knife,Doppler (Phase 1),Paracord Knife,430,330,,,,580,440,,,,,
skin_paracord_knife_doppler_phase_2,Paracord Knife,Doppler (Phase 2),Paracord Knife,570,440,,,,770,580,,,,,
skin_paracord_knife_doppler_phase_3,Paracord Knife,Doppler (Phase 3),Paracord Knife,380,290,,,,500,380,,,,,
skin_paracord_knife_doppler_phase_4,Paracord Knife,Doppler (Phase 4),Paracord Knife,500,380,,,,670,510,,,,,
skin_paracord_knife_doppler_ruby,Paracord Knife,Doppler (Ruby),Paracord Knife,1225,930,,,,1625,1250,,,,,
skin_paracord_knife_doppler_sapphire,Paracord Knife,Doppler (Sapphire),Paracord Knife,1350,1025,,,,1800,1375,,,,,
skin_paracord_knife_doppler_black_pearl,Paracord Knife,Doppler (Black Pearl),Paracord Knife,1800,1350,,,,2400,1825,,,,,
skin_paracord_knife_marble_fade,Paracord Knife,Marble Fade,Paracord Knife,270,210,,,,360,280,,,,,
skin_paracord_knife_rust_coat,Paracord Knife,Rust Coat,Paracord Knife,,,,130,120,,,,165,150,,
skin_paracord_knife_tiger_tooth,Paracord Knife,Tiger Tooth,Paracord Knife,260,195,,,,350,260,,,,,
skin_paracord_knife_ultraviolet,Paracord Knife,Ultraviolet,Paracord Knife,190,160,145,130,120,240,205,180,165,150,,
skin_shadow_daggers_vanilla,Shadow Daggers,★ (Vanilla),Shadow Daggers,,,,,,,,,,,300,380
skin_shadow_daggers_crimson_web,Shadow Daggers,Crimson Web,Shadow Daggers,1300,980,750,640,550,1725,1325,1000,860,740,,
skin_shadow_daggers_fade,Shadow Daggers,Fade,Shadow Daggers,750,570,,,,1000,770,,,,,
skin_shadow_daggers_blue_steel,Shadow Daggers,Blue Steel,Shadow Daggers,215,180,160,150,135,270,230,200,185,170,,
skin_shadow_daggers_stained,Shadow Daggers,Stained,Shadow Daggers,215,180,160,150,135,270,230,200,185,170,,
skin_shadow_daggers_case_hardened,Shadow Daggers,Case Hardened,Shadow Daggers,320,245,185,160,140,430,330,250,215,185,,
skin_shadow_daggers_forest_ddpat,Shadow Daggers,Forest DDPAT,Shadow Daggers,215,180,160,150,135,270,230,200,185,170,,
skin_shadow_daggers_safari_mesh,Shadow Daggers,Safari Mesh,Shadow Daggers,215,180,160,150,135,270,230,200,185,170,,
skin_shadow_daggers_boreal_forest,Shadow Daggers,Boreal Forest,Shadow Daggers,215,180,160,150,135,270,230,200,185,170,,
skin_shadow_daggers_scorched,Shadow Daggers,Scorched,Shadow Daggers,215,180,160,150,135,270,230,200,185,170,,
skin_shadow_daggers_urban_masked,Shadow Daggers,Urban Masked,Shadow Daggers,215,180,160,150,135,270,230,200,185,170,,
skin_shadow_daggers_night,Shadow Daggers,Night,Shadow Daggers,250,190,160,150,135,340,260,200,185,170,,
skin_shadow_daggers_slaughter,Shadow Daggers,Slaughter,Shadow Daggers,380,290,220,,,500,380,290,,,,
skin_shadow_daggers_damascus_steel,Shadow Daggers,Damascus Steel,Shadow Daggers,215,180,160,150,135,270,230,200,185,170,,
skin_shadow_daggers_doppler_phase_1,Shadow Daggers,Doppler (Phase 1),Shadow Daggers,860,650,,,,1150,880,,,,,
skin_shadow_daggers_doppler_phase_2,Shadow Daggers,Doppler (Phase 2),Shadow Daggers,1150,870,,,,1525,1175,,,,,
skin_shadow_daggers_doppler_phase_3,Shadow Daggers,Doppler (Phase 3),Shadow Daggers,750,570,,,,1000,770,,,,,
skin_shadow_daggers_doppler_phase_4,Shadow Daggers,Doppler (Phase 4),Shadow Daggers,1000,760,,,,1350,1025,,,,,
skin_shadow_daggers_doppler_ruby,Shadow Daggers,Doppler (Ruby),Shadow Daggers,2425,1850,,,,3275,2475,,,,,
skin_shadow_daggers_doppler_sapphire,Shadow Daggers,Doppler (Sapphire),Shadow Daggers,2675,2050,,,,3600,2725,,,,,
skin_shadow_daggers_doppler_black_pearl,Shadow Daggers,Doppler (Black Pearl),Shadow Daggers,3575,2725,,,,4800,3650,,,,,
skin_shadow_daggers_marble_fade,Shadow Daggers,Marble Fade,Shadow Daggers,540,420,,,,730,560,,,,,
skin_shadow_daggers_rust_coat,Shadow Daggers,Rust Coat,Shadow Daggers,,,,150,135,,,,185,170,,
skin_shadow_daggers_tiger_tooth,Shadow Daggers,Tiger Tooth,Shadow Daggers,520,390,,,,700,530,,,,,
skin_shadow_daggers_ultraviolet,Shadow Daggers,Ultraviolet,Shadow Daggers,230,180,160,150,135,310,235,200,185,170,,
skin_shadow_daggers_autotronic,Shadow Daggers,Autotronic,Shadow Daggers,410,310,240,205,175,550,420,320,280,235,,
skin_shadow_daggers_black_laminate,Shadow Daggers,Black Laminate,Shadow Daggers,215,180,160,150,135,280,230,200,185,170,,
skin_shadow_daggers_bright_water,Shadow Daggers,Bright Water,Shadow Daggers,215,180,160,150,135,270,230,200,185,170,,
skin_shadow_daggers_freehand,Shadow Daggers,Freehand,Shadow Daggers,215,180,160,150,135,290,230,200,185,170,,
skin_shadow_daggers_gamma_doppler_phase_1,Shadow Daggers,Gamma Doppler (Phase 1),Shadow Daggers,900,680,,,,1200,910,,,,,
skin_shadow_daggers_gamma_doppler_phase_2,Shadow Daggers,Gamma Doppler (Phase 2),Shadow Daggers,1225,930,,,,1625,1250,,,,,
skin_shadow_daggers_gamma_doppler_phase_3,Shadow Daggers,Gamma Doppler (Phase 3),Shadow Daggers,790,600,,,,1050,800,,,,,
skin_shadow_daggers_gamma_doppler_phase_4,Shadow Daggers,Gamma Doppler (Phase 4),Shadow Daggers,1050,790,,,,1400,1050,,,,,
skin_shadow_daggers_gamma_doppler_emerald,Shadow Daggers,Gamma Doppler (Emerald),Shadow Daggers,2925,2225,,,,3925,3000,,,,,
skin_shadow_daggers_lore,Shadow Daggers,Lore,Shadow Daggers,480,370,280,240,210,650,490,380,320,280,,
skin_skeleton_knife_vanilla,Skeleton Knife,★ (Vanilla),Skeleton Knife,,,,,,,,,,,2375,3000
skin_skeleton_knife_crimson_web,Skeleton Knife,Crimson Web,Skeleton Knife,11550,8800,6700,5800,4975,15500,11750,9000,7750,6650,,
skin_skeleton_knife_fade,Skeleton Knife,Fade,Skeleton Knife,6750,5100,,,,9050,6850,,,,,
skin_skeleton_knife_blue_steel,Skeleton Knife,Blue Steel,Skeleton Knife,1450,1100,840,720,620,1925,1475,1125,970,830,,
skin_skeleton_knife_stained,Skeleton Knife,Stained,Skeleton Knife,1275,980,740,640,550,1725,1300,1000,860,740,,
skin_skeleton_knife_case_hardened,Skeleton Knife,Case Hardened,Skeleton Knife,2900,2200,1675,1450,1250,3875,2950,2250,1925,1675,,
skin_skeleton_knife_forest_ddpat,Skeleton Knife,Forest DDPAT,Skeleton Knife,770,590,450,390,350,1025,780,600,520,440,,
skin_skeleton_knife_safari_mesh,Skeleton Knife,Safari Mesh,Skeleton Knife,640,490,420,390,350,860,650,520,480,440,,
skin_skeleton_knife_boreal_forest,Skeleton Knife,Boreal Forest,Skeleton Knife,800,610,470,400,350,1075,820,620,540,460,,
skin_skeleton_knife_scorched,Skeleton Knife,Scorched,Skeleton Knife,710,540,420,390,350,950,720,550,480,440,,
skin_skeleton_knife_urban_masked,Skeleton Knife,Urban Masked,Skeleton Knife,870,660,500,430,370,1150,880,670,580,500,,
skin_skeleton_knife_night_stripe,Skeleton Knife,Night Stripe,Skeleton Knife,2250,1700,1300,1125,970,3000,2300,1750,1500,1300,,
skin_skeleton_knife_slaughter,Skeleton Knife,Slaughter,Skeleton Knife,3375,2550,1950,,,4525,3425,2625,,,,
skin_skeleton_knife_damascus_steel,Skeleton Knife,Damascus Steel,Skeleton Knife,1600,1225,930,800,690,2150,1625,1250,1075,920,,
skin_skeleton_knife_doppler_phase_1,Skeleton Knife,Doppler (Phase 1),Skeleton Knife,7700,5850,,,,10300,7850,,,,,
skin_skeleton_knife_doppler_phase_2,Skeleton Knife,Doppler (Phase 2),Skeleton Knife,10250,7800,,,,13750,10450,,,,,
skin_skeleton_knife_doppler_phase_3,Skeleton Knife,Doppler (Phase 3),Skeleton Knife,6750,5100,,,,9050,6850,,,,,
skin_skeleton_knife_doppler_phase_4,Skeleton Knife,Doppler (Phase 4),Skeleton Knife,9000,6850,,,,12050,9150,,,,,
skin_skeleton_knife_doppler_ruby,Skeleton Knife,Doppler (Ruby),Skeleton Knife,21800,16600,,,,29200,22200,,,,,
skin_skeleton_knife_doppler_sapphire,Skeleton Knife,Doppler (Sapphire),Skeleton Knife,24100,18300,,,,32200,24500,,,,,
skin_skeleton_knife_doppler_black_pearl,Skeleton Knife,Doppler (Black Pearl),Skeleton Knife,32100,24400,,,,43000,32700,,,,,
skin_skeleton_knife_marble_fade,Skeleton Knife,Marble Fade,Skeleton Knife,4650,3575,,,,6100,4725,,,,,
skin_skeleton_knife_rust_coat,Skeleton Knife,Rust Coat,Skeleton Knife,,,,870,750,,,,1150,1000,,
skin_skeleton_knife_tiger_tooth,Skeleton Knife,Tiger Tooth,Skeleton Knife,4650,3525,,,,6250,4750,,,,,
skin_skeleton_knife_ultraviolet,Skeleton Knife,Ultraviolet,Skeleton Knife,2050,1550,1200,1025,880,2750,2100,1600,1375,1175,,
skin_stiletto_knife_vanilla,Stiletto Knife,★ (Vanilla),Stiletto Knife,,,,,,,,,,,1550,1950
skin_stiletto_knife_crimson_web,Stiletto Knife,Crimson Web,Stiletto Knife,7500,5700,4375,3750,3225,10100,7650,5850,5050,4325,,
skin_stiletto_knife_fade,Stiletto Knife,Fade,Stiletto Knife,4400,3325,,,,5900,4475,,,,,
skin_stiletto_knife_blue_steel,Stiletto Knife,Blue Steel,Stiletto Knife,940,710,550,470,400,1250,960,730,630,540,,
skin_stiletto_knife_stained,Stiletto Knife,Stained,Stiletto Knife,840,640,480,420,360,1125,850,650,560,480,,
skin_stiletto_knife_case_hardened,Stiletto Knife,Case Hardened,Stiletto Knife,1875,1425,1100,940,810,2525,1925,1450,1250,1075,,
skin_stiletto_knife_forest_ddpat,Stiletto Knife,Forest DDPAT,Stiletto Knife,500,380,320,300,270,670,510,400,370,340,,
skin_stiletto_knife_safari_mesh,Stiletto Knife,Safari Mesh,Stiletto Knife,430,360,320,300,270,560,460,400,370,340,,
skin_stiletto_knife_boreal_forest,Stiletto Knife,Boreal Forest,Stiletto Knife,520,400,320,300,270,700,530,410,370,340,,
skin_stiletto_knife_scorched,Stiletto Knife,Scorched,Stiletto Knife,460,360,320,300,270,620,470,400,370,340,,
skin_stiletto_knife_urban_masked,Stiletto Knife,Urban Masked,Stiletto Knife,560,430,330,300,270,760,570,440,380,340,,
skin_stiletto_knife_night_stripe,Stiletto Knife,Night Stripe,Stiletto Knife,1475,1100,850,730,630,1950,1500,1125,980,840,,
skin_stiletto_knife_slaughter,Stiletto Knife,Slaughter,Stiletto Knife,2200,1675,1275,,,2950,2225,1700,,,,
skin_stiletto_knife_damascus_steel,Stiletto Knife,Damascus Steel,Stiletto Knife,1050,790,610,520,450,1400,1075,810,700,600,,
skin_stiletto_knife_doppler_phase_1,Stiletto Knife,Doppler (Phase 1),Stiletto Knife,5000,3800,,,,6700,5100,,,,,
skin_stiletto_knife_doppler_phase_2,Stiletto Knife,Doppler (Phase 2),Stiletto Knife,6700,5100,,,,8950,6800,,,,,
skin_stiletto_knife_doppler_phase_3,Stiletto Knife,Doppler (Phase 3),Stiletto Knife,4400,3325,,,,5900,4475,,,,,
skin_stiletto_knife_doppler_phase_4,Stiletto Knife,Doppler (Phase 4),Stiletto Knife,5850,4450,,,,7850,5950,,,,,
skin_stiletto_knife_doppler_ruby,Stiletto Knife,Doppler (Ruby),Stiletto Knife,14200,10800,,,,19050,14450,,,,,
skin_stiletto_knife_doppler_sapphire,Stiletto Knife,Doppler (Sapphire),Stiletto Knife,15650,11900,,,,21000,15950,,,,,
skin_stiletto_knife_doppler_black_pearl,Stiletto Knife,Doppler (Black Pearl),Stiletto Knife,20900,15900,,,,28000,21300,,,,,
skin_stiletto_knife_marble_fade,Stiletto Knife,Marble Fade,Stiletto Knife,3075,2350,,,,4075,3125,,,,,
skin_stiletto_knife_rust_coat,Stiletto Knife,Rust Coat,Stiletto Knife,,,,560,490,,,,760,650,,
skin_stiletto_knife_tiger_tooth,Stiletto Knife,Tiger Tooth,Stiletto Knife,3025,2300,,,,4050,3075,,,,,
skin_stiletto_knife_ultraviolet,Stiletto Knife,Ultraviolet,Stiletto Knife,1325,1025,780,670,580,1800,1350,1050,900,770,,
skin_survival_knife_vanilla,Survival Knife,★ (Vanilla),Survival Knife,,,,,,,,,,,280,350
skin_survival_knife_crimson_web,Survival Knife,Crimson Web,Survival Knife,750,570,440,380,320,1000,770,580,500,430,,
skin_survival_knife_fade,Survival Knife,Fade,Survival Knife,440,330,,,,590,450,,,,,
skin_survival_knife_blue_steel,Survival Knife,Blue Steel,Survival Knife,200,170,150,140,125,250,210,190,170,155,,
skin_survival_knife_stained,Survival Knife,Stained,Survival Knife,200,170,150,140,125,250,210,190,170,155,,
skin_survival_knife_case_hardened,Survival Knife,Case Hardened,Survival Knife,200,170,150,140,125,250,210,190,170,155,,
skin_survival_knife_forest_ddpat,Survival Knife,Forest DDPAT,Survival Knife,200,170,150,140,125,250,210,190,170,155,,
skin_survival_knife_safari_mesh,Survival Knife,Safari Mesh,Survival Knife,200,170,150,140,125,250,210,190,170,155,,
skin_survival_knife_boreal_forest,Survival Knife,Boreal Forest,Survival Knife,200,170,150,140,125,250,210,190,170,155,,
skin_survival_knife_scorched,Survival Knife,Scorched,Survival Knife,200,170,150,140,125,250,210,190,170,155,,
skin_survival_knife_urban_masked,Survival Knife,Urban Masked,Survival Knife,200,170,150,140,125,250,210,190,170,155,,
skin_survival_knife_night_stripe,Survival Knife,Night Stripe,Survival Knife,200,170,150,140,125,250,210,190,170,155,,
skin_survival_knife_slaughter,Survival Knife,Slaughter,Survival Knife,220,170,150,,,290,225,190,,,,
skin_survival_knife_damascus_steel,Survival Knife,Damascus Steel,Survival Knife,200,170,150,140,125,250,210,190,170,155,,
skin_survival_knife_doppler_phase_1,Survival Knife,Doppler (Phase 1),Survival Knife,500,380,,,,670,510,,,,,
skin_survival_knife_doppler_phase_2,Survival Knife,Doppler (Phase 2),Survival Knife,670,510,,,,900,680,,,,,
skin_survival_knife_doppler_phase_3,Survival Knife,Doppler (Phase 3),Survival Knife,440,330,,,,590,450,,,,,
skin_survival_knife_doppler_phase_4,Survival Knife,Doppler (Phase 4),Survival Knife,590,440,,,,780,600,,,,,
skin_survival_knife_doppler_ruby,Survival Knife,Doppler (Ruby),Survival Knife,1425,1075,,,,1900,1450,,,,,
skin_survival_knife_doppler_sapphire,Survival Knife,Doppler (Sapphire),Survival Knife,1575,1200,,,,2100,1600,,,,,
skin_survival_knife_doppler_black_pearl,Survival Knife,Doppler (Black Pearl),Survival Knife,2100,1600,,,,2800,2125,,,,,
skin_survival_knife_marble_fade,Survival Knife,Marble Fade,Survival Knife,320,245,,,,420,320,,,,,
skin_survival_knife_rust_coat,Survival Knife,Rust Coat,Survival Knife,,,,140,125,,,,170,155,,
skin_survival_knife_tiger_tooth,Survival Knife,Tiger Tooth,Survival Knife,300,230,,,,410,310,,,,,
skin_survival_knife_ultraviolet,Survival Knife,Ultraviolet,Survival Knife,200,170,150,140,125,250,210,190,170,155,,
skin_talon_knife_vanilla,Talon Knife,★ (Vanilla),Talon Knife,,,,,,,,,,,2750,3500
skin_talon_knife_crimson_web,Talon Knife,Crimson Web,Talon Knife,13450,10200,7800,6700,5800,18000,13700,10450,9000,7750,,
skin_talon_knife_fade,Talon Knife,Fade,Talon Knife,7850,5950,,,,10500,8000,,,,,
skin_talon_knife_blue_steel,Talon Knife,Blue Steel,Talon Knife,1675,1275,970,840,720,2250,1700,1300,1125,970,,
skin_talon_knife_stained,Talon Knife,Stained,Talon Knife,1500,1125,870,750,640,2000,1525,1150,1000,860,,
skin_talon_knife_case_hardened,Talon Knife,Case Hardened,Talon Knife,3350,2550,1950,1675,1450,4500,3425,2600,2250,1925,,
skin_talon_knife_forest_ddpat,Talon Knife,Forest DDPAT,Talon Knife,900,680,520,450,400,1200,910,700,600,520,,
skin_talon_knife_safari_mesh,Talon Knife,Safari Mesh,Talon Knife,750,570,480,440,400,1000,760,600,550,500,,
skin_talon_knife_boreal_forest,Talon Knife,Boreal Forest,Talon Knife,930,710,540,470,400,1250,950,720,620,540,,
skin_talon_knife_scorched,Talon Knife,Scorched,Talon Knife,820,620,480,440,400,1100,840,640,550,500,,
skin_talon_knife_urban_masked,Talon Knife,Urban Masked,Talon Knife,1000,770,580,500,430,1350,1025,780,680,580,,
skin_talon_knife_night_stripe,Talon Knife,Night Stripe,Talon Knife,2600,1975,1525,1300,1125,3500,2650,2025,1750,1500,,
skin_talon_knife_slaughter,Talon Knife,Slaughter,Talon Knife,3925,2975,2275,,,5250,4000,3050,,,,
skin_talon_knife_damascus_steel,Talon Knife,Damascus Steel,Talon Knife,1875,1425,1075,930,800,2500,1900,1450,1250,1075,,
skin_talon_knife_doppler_phase_1,Talon Knife,Doppler (Phase 1),Talon Knife,8950,6800,,,,12000,9100,,,,,
skin_talon_knife_doppler_phase_2,Talon Knife,Doppler (Phase 2),Talon Knife,11950,9050,,,,16000,12150,,,,,
skin_talon_knife_doppler_phase_3,Talon Knife,Doppler (Phase 3),Talon Knife,7850,5950,,,,10500,8000,,,,,
skin_talon_knife_doppler_phase_4,Talon Knife,Doppler (Phase 4),Talon Knife,10450,7950,,,,14000,10650,,,,,
skin_talon_knife_doppler_ruby,Talon Knife,Doppler (Ruby),Talon Knife,25400,19300,,,,34000,25800,,,,,
skin_talon_knife_doppler_sapphire,Talon Knife,Doppler (Sapphire),Talon Knife,28000,21300,,,,37500,28500,,,,,
skin_talon_knife_doppler_black_pearl,Talon Knife,Doppler (Black Pearl),Talon Knife,37300,28400,,,,50000,38000,,,,,
skin_talon_knife_marble_fade,Talon Knife,Marble Fade,Talon Knife,5300,4125,,,,7000,5450,,,,,
skin_talon_knife_rust_coat,Talon Knife,Rust Coat,Talon Knife,,,,1000,870,,,,1350,1150,,
skin_talon_knife_tiger_tooth,Talon Knife,Tiger Tooth,Talon Knife,5400,4100,,,,7250,5500,,,,,
skin_talon_knife_ultraviolet,Talon Knife,Ultraviolet,Talon Knife,2400,1825,1375,1200,1025,3200,2425,1850,1600,1375,,
skin_ursus_knife_vanilla,Ursus Knife,★ (Vanilla),Ursus Knife,,,,,,,,,,,880,1125
skin_ursus_knife_crimson_web,Ursus Knife,Crimson Web,Ursus Knife,4300,3275,2500,2150,1850,5750,4375,3350,2875,2475,,
skin_ursus_knife_fade,Ursus Knife,Fade,Ursus Knife,2500,1900,,,,3350,2550,,,,,
skin_ursus_knife_blue_steel,Ursus Knife,Blue Steel,Ursus Knife,540,410,310,270,230,720,550,420,360,310,,
skin_ursus_knife_stained,Ursus Knife,Stained,Ursus Knife,480,360,280,240,205,640,490,370,320,280,,
skin_ursus_knife_case_hardened,Ursus Knife,Case Hardened,Ursus Knife,1075,820,620,540,460,1450,1100,840,720,620,,
skin_ursus_knife_forest_ddpat,Ursus Knife,Forest DDPAT,Ursus Knife,310,260,235,215,195,390,330,290,270,245,,
skin_ursus_knife_safari_mesh,Ursus Knife,Safari Mesh,Ursus Knife,310,260,235,215,195,390,330,290,270,245,,
skin_ursus_knife_boreal_forest,Ursus Knife,Boreal Forest,Ursus Knife,310,260,235,215,195,400,330,290,270,245,,
skin_ursus_knife_scorched,Ursus Knife,Scorched,Ursus Knife,310,260,235,215,195,390,330,290,270,245,,
skin_ursus_knife_urban_masked,Ursus Knife,Urban Masked,Ursus Knife,320,260,235,215,195,430,330,290,270,245,,
skin_ursus_knife_night_stripe,Ursus Knife,Night Stripe,Ursus Knife,840,640,480,420,360,1125,850,650,560,480,,
skin_ursus_knife_slaughter,Ursus Knife,Slaughter,Ursus Knife,1250,950,730,,,1675,1275,970,,,,
skin_ursus_knife_damascus_steel,Ursus Knife,Damascus Steel,Ursus Knife,600,450,350,300,260,800,610,460,400,340,,
skin_ursus_knife_doppler_phase_1,Ursus Knife,Doppler (Phase 1),Ursus Knife,2875,2175,,,,3850,2925,,,,,
skin_ursus_knife_doppler_phase_2,Ursus Knife,Doppler (Phase 2),Ursus Knife,3825,2900,,,,5100,3900,,,,,
skin_ursus_knife_doppler_phase_3,Ursus Knife,Doppler (Phase 3),Ursus Knife,2500,1900,,,,3350,2550,,,,,
skin_ursus_knife_doppler_phase_4,Ursus Knife,Doppler (Phase 4),Ursus Knife,3350,2550,,,,4475,3400,,,,,
skin_ursus_knife_doppler_ruby,Ursus Knife,Doppler (Ruby),Ursus Knife,8100,6150,,,,10900,8250,,,,,
skin_ursus_knife_doppler_sapphire,Ursus Knife,Doppler (Sapphire),Ursus Knife,8950,6800,,,,12000,9100,,,,,
skin_ursus_knife_doppler_black_pearl,Ursus Knife,Doppler (Black Pearl),Ursus Knife,11950,9050,,,,16000,12150,,,,,
skin_ursus_knife_marble_fade,Ursus Knife,Marble Fade,Ursus Knife,1800,1350,,,,2375,1825,,,,,
skin_ursus_knife_rust_coat,Ursus Knife,Rust Coat,Ursus Knife,,,,320,280,,,,430,370,,
skin_ursus_knife_tiger_tooth,Ursus Knife,Tiger Tooth,Ursus Knife,1725,1325,,,,2325,1775,,,,,
skin_ursus_knife_ultraviolet,Ursus Knife,Ultraviolet,Ursus Knife,760,580,440,380,330,1025,780,590,510,440,,
skin_bloodhound_gloves_bronzed,Bloodhound Gloves,Bronzed,Low Tier Gloves,3140,850,535,455,315,,,,,,,
skin_bloodhound_gloves_charred,Bloodhound Gloves,Charred,Low Tier Gloves,4000,1080,680,580,400,,,,,,,
skin_bloodhound_gloves_guerrilla,Bloodhound Gloves,Guerrilla,Low Tier Gloves,700,460,350,220,150,,,,,,,
skin_bloodhound_gloves_snakebite,Bloodhound Gloves,Snakebite,Low Tier Gloves,2920,790,495,425,290,,,,,,,
skin_broken_fang_gloves_jade,Broken Fang Gloves,Jade,Low Tier Gloves,4500,1220,765,650,450,,,,,,,
skin_broken_fang_gloves_needle_point,Broken Fang Gloves,Needle Point,Low Tier Gloves,2170,585,370,315,215,,,,,,,
skin_broken_fang_gloves_unhinged,Broken Fang Gloves,Unhinged,Low Tier Gloves,2650,715,450,385,265,,,,,,,
skin_broken_fang_gloves_yellow_banded,Broken Fang Gloves,Yellow-banded,Low Tier Gloves,2410,650,410,350,240,,,,,,,
skin_driver_gloves_black_tie,Driver Gloves,Black Tie,Driver Gloves,14400,3890,2450,2090,1440,,,,,,,
skin_driver_gloves_convoy,Driver Gloves,Convoy,Driver Gloves,5430,1470,925,785,545,,,,,,,
skin_driver_gloves_crimson_weave,Driver Gloves,Crimson Weave,Driver Gloves,20250,5470,3440,2940,2030,,,,,,,
skin_driver_gloves_diamondback,Driver Gloves,Diamondback,Driver Gloves,8250,2230,1400,1200,825,,,,,,,
skin_driver_gloves_imperial_plaid,Driver Gloves,Imperial Plaid,Driver Gloves,21200,5730,3610,3080,2120,,,,,,,
skin_driver_gloves_king_snake,Driver Gloves,King Snake,Driver Gloves,36000,9720,6120,5220,3600,,,,,,,
skin_driver_gloves_lunar_weave,Driver Gloves,Lunar Weave,Driver Gloves,7180,1940,1220,1040,720,,,,,,,
skin_driver_gloves_overtake,Driver Gloves,Overtake,Driver Gloves,9300,2510,1580,1350,930,,,,,,,
skin_driver_gloves_queen_jaguar,Driver Gloves,Queen Jaguar,Driver Gloves,6310,1700,1070,915,630,,,,,,,
skin_driver_gloves_racing_green,Driver Gloves,Racing Green,Driver Gloves,4080,1100,695,590,410,,,,,,,
skin_driver_gloves_rezan_the_red,Driver Gloves,Rezan the Red,Driver Gloves,10350,2790,1760,1500,1030,,,,,,,
skin_driver_gloves_snow_leopard,Driver Gloves,Snow Leopard,Driver Gloves,30550,8250,5190,4430,3060,,,,,,,
skin_hand_wraps_arboreal,Hand Wraps,Arboreal,Hand Wraps,3790,1020,645,550,380,,,,,,,
skin_hand_wraps_badlands,Hand Wraps,Badlands,Hand Wraps,4390,1180,745,635,440,,,,,,,
skin_hand_wraps_caution,Hand Wraps,CAUTION!,Hand Wraps,14400,3890,2450,2090,1440,,,,,,,
skin_hand_wraps_cobalt_skulls,Hand Wraps,Cobalt Skulls,Hand Wraps,22000,5940,3740,3190,2200,,,,,,,
skin_hand_wraps_constrictor,Hand Wraps,Constrictor,Hand Wraps,5360,1450,910,775,535,,,,,,,
skin_hand_wraps_desert_shamagh,Hand Wraps,Desert Shamagh,Hand Wraps,4780,1290,810,695,480,,,,,,,
skin_hand_wraps_duct_tape,Hand Wraps,Duct Tape,Hand Wraps,2770,750,470,400,275,,,,,,,
skin_hand_wraps_giraffe,Hand Wraps,Giraffe,Hand Wraps,8180,2210,1390,1190,820,,,,,,,
skin_hand_wraps_leather,Hand Wraps,Leather,Hand Wraps,7260,1960,1230,1050,725,,,,,,,
skin_hand_wraps_overprint,Hand Wraps,Overprint,Hand Wraps,17000,4590,2890,2460,1700,,,,,,,
skin_hand_wraps_slaughter,Hand Wraps,Slaughter,Hand Wraps,13550,3660,2300,1960,1350,,,,,,,
skin_hand_wraps_spruce_ddpat,Hand Wraps,Spruce DDPAT,Hand Wraps,3390,915,575,490,340,,,,,,,
skin_hydra_gloves_case_hardened,Hydra Gloves,Case Hardened,Low Tier Gloves,3030,820,515,440,305,,,,,,,
skin_hydra_gloves_emerald,Hydra Gloves,Emerald,Low Tier Gloves,4800,1300,815,695,480,,,,,,,
skin_hydra_gloves_mangrove,Hydra Gloves,Mangrove,Low Tier Gloves,1870,505,315,270,185,,,,,,,
skin_hydra_gloves_rattler,Hydra Gloves,Rattler,Low Tier Gloves,2100,570,360,305,210,,,,,,,
skin_moto_gloves_3rd_commando_company,Moto Gloves,3rd Commando Company,Moto Gloves,4310,1160,735,625,430,,,,,,,
skin_moto_gloves_blood_pressure,Moto Gloves,Blood Pressure,Moto Gloves,6210,1680,1060,900,620,,,,,,,
skin_moto_gloves_boom,Moto Gloves,Boom!,Moto Gloves,9350,2520,1590,1360,935,,,,,,,
skin_moto_gloves_cool_mint,Moto Gloves,Cool Mint,Moto Gloves,14550,3930,2470,2110,1450,,,,,,,
skin_moto_gloves_eclipse,Moto Gloves,Eclipse,Moto Gloves,5180,1400,880,750,520,,,,,,,
skin_moto_gloves_finish_line,Moto Gloves,Finish Line,Moto Gloves,5700,1540,970,825,570,,,,,,,
skin_moto_gloves_polygon,Moto Gloves,Polygon,Moto Gloves,9830,2650,1670,1430,985,,,,,,,
skin_moto_gloves_pow,Moto Gloves,POW!,Moto Gloves,16100,4340,2730,2330,1610,,,,,,,
skin_moto_gloves_smoke_out,Moto Gloves,Smoke Out,Moto Gloves,6540,1770,1110,950,655,,,,,,,
skin_moto_gloves_spearmint,Moto Gloves,Spearmint,Moto Gloves,30000,8100,5100,4350,3000,,,,,,,
skin_moto_gloves_transport,Moto Gloves,Transport,Moto Gloves,3240,875,550,470,325,,,,,,,
skin_moto_gloves_turtle,Moto Gloves,Turtle,Moto Gloves,7710,2080,1310,1120,770,,,,,,,
skin_specialist_gloves_buckshot,Specialist Gloves,Buckshot,Specialist Gloves,5080,1370,865,735,510,,,,,,,
skin_specialist_gloves_crimson_kimono,Specialist Gloves,Crimson Kimono,Specialist Gloves,50000,13500,8500,7250,5000,,,,,,,
skin_specialist_gloves_crimson_web,Specialist Gloves,Crimson Web,Specialist Gloves,14550,3930,2470,2110,1450,,,,,,,
skin_specialist_gloves_emerald_web,Specialist Gloves,Emerald Web,Specialist Gloves,32500,8780,5530,4710,3250,,,,,,,
skin_specialist_gloves_fade,Specialist Gloves,Fade,Specialist Gloves,23050,6220,3910,3340,2300,,,,,,,
skin_specialist_gloves_field_agent,Specialist Gloves,Field Agent,Specialist Gloves,11600,3130,1970,1680,1160,,,,,,,
skin_specialist_gloves_forest_ddpat,Specialist Gloves,Forest DDPAT,Specialist Gloves,3420,920,580,495,340,,,,,,,
skin_specialist_gloves_foundation,Specialist Gloves,Foundation,Specialist Gloves,18850,5090,3200,2730,1880,,,,,,,
skin_specialist_gloves_lt_commander,Specialist Gloves,Lt. Commander,Specialist Gloves,8570,2310,1460,1240,855,,,,,,,
skin_specialist_gloves_marble_fade,Specialist Gloves,Marble Fade,Specialist Gloves,21650,5840,3680,3140,2160,,,,,,,
skin_specialist_gloves_mogul,Specialist Gloves,Mogul,Specialist Gloves,7790,2100,1320,1130,780,,,,,,,
skin_specialist_gloves_tiger_strike,Specialist Gloves,Tiger Strike,Specialist Gloves,16000,4320,2720,2320,1600,,,,,,,
skin_sport_gloves_amphibious,Sport Gloves,Amphibious,Sport Gloves,20650,5580,3510,2990,2070,,,,,,,
skin_sport_gloves_arid,Sport Gloves,Arid,Sport Gloves,7680,2070,1310,1110,770,,,,,,,
skin_sport_gloves_big_game,Sport Gloves,Big Game,Sport Gloves,7110,1920,1210,1030,710,,,,,,,
skin_sport_gloves_bronze_morph,Sport Gloves,Bronze Morph,Sport Gloves,4730,1280,805,685,475,,,,,,,
skin_sport_gloves_hedge_maze,Sport Gloves,Hedge Maze,Sport Gloves,34650,9360,5890,5030,3470,,,,,,,
skin_sport_gloves_nocts,Sport Gloves,Nocts,Sport Gloves,9390,2540,1600,1360,940,,,,,,,
skin_sport_gloves_omega,Sport Gloves,Omega,Sport Gloves,11600,3140,1980,1680,1160,,,,,,,
skin_sport_gloves_pandora_s_box,Sport Gloves,Pandora's Box,Sport Gloves,71240,18500,12000,10500,7000,,,,,,,
skin_sport_gloves_scarlet_shamagh,Sport Gloves,Scarlet Shamagh,Sport Gloves,8260,2230,1400,1200,825,,,,,,,
skin_sport_gloves_slingshot,Sport Gloves,Slingshot,Sport Gloves,17000,4590,2890,2470,1700,,,,,,,
skin_sport_gloves_superconductor,Sport Gloves,Superconductor,Sport Gloves,28750,7760,4890,4170,2880,,,,,,,
skin_sport_gloves_vice,Sport Gloves,Vice,Sport Gloves,31250,8430,5310,4530,3120,,,,,,,
